{"cameraMode":{"drawMode":0,"name":"Shaded","section":"Shading Mode"},"sceneLighting":true,"audioPlay":false,"sceneViewState":{"showFog":true,"showMaterialUpdate":false,"showSkybox":true,"showFlares":true,"showImageEffects":true,"showParticleSystems":true},"in2DMode":false,"pivot":{"x":2.858509063720703,"y":2.1033406257629396,"z":-13.436084747314454},"rotation":{"x":0.1264071762561798,"y":-0.3459841012954712,"z":0.047101397067308429,"w":0.9284979104995728},"size":24.76439666748047,"orthographic":false}