{"cameraMode":{"drawMode":0,"name":"Shaded","section":"Shading Mode"},"sceneLighting":true,"audioPlay":false,"sceneViewState":{"showFog":true,"showMaterialUpdate":false,"showSkybox":true,"showFlares":true,"showImageEffects":true,"showParticleSystems":true},"in2DMode":false,"pivot":{"x":66.6652603149414,"y":11.14229965209961,"z":21.712345123291017},"rotation":{"x":-0.13116924464702607,"y":-0.7506656646728516,"z":0.156710684299469,"w":-0.6283026933670044},"size":140.8892822265625,"orthographic":false}