{"cameraMode":{"drawMode":0,"name":"Shaded","section":"Shading Mode"},"sceneLighting":true,"audioPlay":false,"sceneViewState":{"showFog":true,"showMaterialUpdate":false,"showSkybox":true,"showFlares":true,"showImageEffects":true,"showParticleSystems":true},"in2DMode":false,"pivot":{"x":3.2049102783203127,"y":-4.114953994750977,"z":-10.036038398742676},"rotation":{"x":0.18350963294506074,"y":-0.4770050644874573,"z":0.10257186740636826,"w":0.8533936738967896},"size":28.79530143737793,"orthographic":false}